Workbook

Sheet test_with_predictions_with_emis
A1: row_id | B1: cement | C1: slag | D1: silica_fume | E1: limestone_powder | F1: quartz_powder | G1: fly_ash | H1: nano_silica | I1: aggregate | J1: water | K1: fiber | L1: superplasticizer | M1: temperature | N1: age | O1: Actual | P1: Predicted | Q1: Residual | R1: CO2_Virgin_Fiber | S1: CO2_Recycled_Fiber
A2: 1 | B2: 550 | C2: 0 | D2: 0 | E2: 0 | F2: 0 | G2: 0 | H2: 0 | I2: 1695 | J2: 192.5 | K2: 0 | L2: 1.1 | M2: 21 | N2: 3 | O2: 32.5 | P2: 36.57196 | Q2: -4.0719604 | R2: =B2*_xlfn.XLOOKUP("Cement",Emission_Factors!$A$2:$A$13,Emission_Factors!$C$2:$C$13)+C2*_xlfn.XLOOKUP("Slag",Emission_Factors!$A$2:$A$13,Emission_Factors!$C$2:$C$13)+D2*_xlfn.XLOOKUP("Silica_Fume",Emission_Factors!$A$2:$A$13,Emission_Factors!$C$2:$C$13)+E2*_xlfn.XLOOKUP("Limestone_Powder",Emission_Factors!$A$2:$A$13,Emission_Factors!$C$2:$C$13)+F2*_xlfn.XLOOKUP("Quartz_Powder",Emission_Factors!$A$2:$A$13,Emission_Factors!$C$2:$C$13)+G2*_xlfn.XLOOKUP("Fly_Ash",Emission_Factors!$A$2:$A$13,Emission_Factors!$C$2:$C$13)+H2*_xlfn.XLOOKUP("Nano_Silica",Emission_Factors!$A$2:$A$13,Emission_Factors!$C$2:$C$13)+I2*_xlfn.XLOOKUP("Aggregate",Emission_Factors!$A$2:$A$13,Emission_Factors!$C$2:$C$13)+J2*_xlfn.XLOOKUP("Water",Emission_Factors!$A$2:$A$13,Emission_Factors!$C$2:$C$13)+K2*_xlfn.XLOOKUP("Fiber_Virgin",Emission_Factors!$A$2:$A$13,Emission_Factors!$C$2:$C$13)+L2*_xlfn.XLOOKUP("Superplasticizer",Emission_Factors!$A$2:$A$13,Emission_Factors!$C$2:$C$13) -> 466.05113 | S2: =B2*_xlfn.XLOOKUP("Cement",Emission_Factors!$A$2:$A$13,Emission_Factors!$C$2:$C$13)+C2*_xlfn.XLOOKUP("Slag",Emission_Factors!$A$2:$A$13,Emission_Factors!$C$2:$C$13)+D2*_xlfn.XLOOKUP("Silica_Fume",Emission_Factors!$A$2:$A$13,Emission_Factors!$C$2:$C$13)+E2*_xlfn.XLOOKUP("Limestone_Powder",Emission_Factors!$A$2:$A$13,Emission_Factors!$C$2:$C$13)+F2*_xlfn.XLOOKUP("Quartz_Powder",Emission_Factors!$A$2:$A$13,Emission_Factors!$C$2:$C$13)+G2*_xlfn.XLOOKUP("Fly_Ash",Emission_Factors!$A$2:$A$13,Emission_Factors!$C$2:$C$13)+H2*_xlfn.XLOOKUP("Nano_Silica",Emission_Factors!$A$2:$A$13,Emission_Factors!$C$2:$C$13)+I2*_xlfn.XLOOKUP("Aggregate",Emission_Factors!$A$2:$A$13,Emission_Factors!$C$2:$C$13)+J2*_xlfn.XLOOKUP("Water",Emission_Factors!$A$2:$A$13,Emission_Factors!$C$2:$C$13)+K2*_xlfn.XLOOKUP("Fiber_Recycled",Emission_Factors!$A$2:$A$13,Emission_Factors!$C$2:$C$13)+L2*_xlfn.XLOOKUP("Superplasticizer",Emission_Factors!$A$2:$A$13,Emission_Factors!$C$2:$C$13) -> 466.05113
A3: 8 | B3: 541.75 | C3: 0 | D3: 0 | E3: 0 | F3: 0 | G3: 0 | H3: 8.25 | I3: 1678 | J3: 192.5 | K3: 0 | L3: 6.6 | M3: 21 | N3: 3 | O3: 39.5 | P3: 40.089355 | Q3: -0.58935547 | R3: =B3*_xlfn.XLOOKUP("Cement",Emission_Factors!$A$2:$A$13,Emission_Factors!$C$2:$C$13)+C3*_xlfn.XLOOKUP("Slag",Emission_Factors!$A$2:$A$13,Emission_Factors!$C$2:$C$13)+D3*_xlfn.XLOOKUP("Silica_Fume",Emission_Factors!$A$2:$A$13,Emission_Factors!$C$2:$C$13)+E3*_xlfn.XLOOKUP("Limestone_Powder",Emission_Factors!$A$2:$A$13,Emission_Factors!$C$2:$C$13)+F3*_xlfn.XLOOKUP("Quartz_Powder",Emission_Factors!$A$2:$A$13,Emission_Factors!$C$2:$C$13)+G3*_xlfn.XLOOKUP("Fly_Ash",Emission_Factors!$A$2:$A$13,Emission_Factors!$C$2:$C$13)+H3*_xlfn.XLOOKUP("Nano_Silica",Emission_Factors!$A$2:$A$13,Emission_Factors!$C$2:$C$13)+I3*_xlfn.XLOOKUP("Aggregate",Emission_Factors!$A$2:$A$13,Emission_Factors!$C$2:$C$13)+J3*_xlfn.XLOOKUP("Water",Emission_Factors!$A$2:$A$13,Emission_Factors!$C$2:$C$13)+K3*_xlfn.XLOOKUP("Fiber_Virgin",Emission_Factors!$A$2:$A$13,Emission_Factors!$C$2:$C$13)+L3*_xlfn.XLOOKUP("Superplasticizer",Emission_Factors!$A$2:$A$13,Emission_Factors!$C$2:$C$13) -> 476.68563 | S3: =B3*_xlfn.XLOOKUP("Cement",Emission_Factors!$A$2:$A$13,Emission_Factors!$C$2:$C$13)+C3*_xlfn.XLOOKUP("Slag",Emission_Factors!$A$2:$A$13,Emission_Factors!$C$2:$C$13)+D3*_xlfn.XLOOKUP("Silica_Fume",Emission_Factors!$A$2:$A$13,Emission_Factors!$C$2:$C$13)+E3*_xlfn.XLOOKUP("Limestone_Powder",Emission_Factors!$A$2:$A$13,Emission_Factors!$C$2:$C$13)+F3*_xlfn.XLOOKUP("Quartz_Powder",Emission_Factors!$A$2:$A$13,Emission_Factors!$C$2:$C$13)+G3*_xlfn.XLOOKUP("Fly_Ash",Emission_Factors!$A$2:$A$13,Emission_Factors!$C$2:$C$13)+H3*_xlfn.XLOOKUP("Nano_Silica",Emission_Factors!$A$2:$A$13,Emission_Factors!$C$2:$C$13)+I3*_xlfn.XLOOKUP("Aggregate",Emission_Factors!$A$2:$A$13,Emission_Factors!$C$2:$C$13)+J3*_xlfn.XLOOKUP("Water",Emission_Factors!$A$2:$A$13,Emission_Factors!$C$2:$C$13)+K3*_xlfn.XLOOKUP("Fiber_Recycled",Emission_Factors!$A$2:$A$13,Emission_Factors!$C$2:$C$13)+L3*_xlfn.XLOOKUP("Superplasticizer",Emission_Factors!$A$2:$A$13,Emission_Factors!$C$2:$C$13) -> 476.68563
A4: 13 | B4: 545.875 | C4: 0 | D4: 0 | E4: 0 | F4: 0 | G4: 0 | H4: 4.125 | I4: 1685 | J4: 192.5 | K4: 0 | L4: 4.4 | M4: 21 | N4: 7 | O4: 44.9 | P4: 43.727184 | Q4: 1.1728157 | R4: =B4*_xlfn.XLOOKUP("Cement",Emission_Factors!$A$2:$A$13,Emission_Factors!$C$2:$C$13)+C4*_xlfn.XLOOKUP("Slag",Emission_Factors!$A$2:$A$13,Emission_Factors!$C$2:$C$13)+D4*_xlfn.XLOOKUP("Silica_Fume",Emission_Factors!$A$2:$A$13,Emission_Factors!$C$2:$C$13)+E4*_xlfn.XLOOKUP("Limestone_Powder",Emission_Factors!$A$2:$A$13,Emission_Factors!$C$2:$C$13)+F4*_xlfn.XLOOKUP("Quartz_Powder",Emission_Factors!$A$2:$A$13,Emission_Factors!$C$2:$C$13)+G4*_xlfn.XLOOKUP("Fly_Ash",Emission_Factors!$A$2:$A$13,Emission_Factors!$C$2:$C$13)+H4*_xlfn.XLOOKUP("Nano_Silica",Emission_Factors!$A$2:$A$13,Emission_Factors!$C$2:$C$13)+I4*_xlfn.XLOOKUP("Aggregate",Emission_Factors!$A$2:$A$13,Emission_Factors!$C$2:$C$13)+J4*_xlfn.XLOOKUP("Water",Emission_Factors!$A$2:$A$13,Emission_Factors!$C$2:$C$13)+K4*_xlfn.XLOOKUP("Fiber_Virgin",Emission_Factors!$A$2:$A$13,Emission_Factors!$C$2:$C$13)+L4*_xlfn.XLOOKUP("Superplasticizer",Emission_Factors!$A$2:$A$13,Emission_Factors!$C$2:$C$13) -> 471.88008 | S4: =B4*_xlfn.XLOOKUP("Cement",Emission_Factors!$A$2:$A$13,Emission_Factors!$C$2:$C$13)+C4*_xlfn.XLOOKUP("Slag",Emission_Factors!$A$2:$A$13,Emission_Factors!$C$2:$C$13)+D4*_xlfn.XLOOKUP("Silica_Fume",Emission_Factors!$A$2:$A$13,Emission_Factors!$C$2:$C$13)+E4*_xlfn.XLOOKUP("Limestone_Powder",Emission_Factors!$A$2:$A$13,Emission_Factors!$C$2:$C$13)+F4*_xlfn.XLOOKUP("Quartz_Powder",Emission_Factors!$A$2:$A$13,Emission_Factors!$C$2:$C$13)+G4*_xlfn.XLOOKUP("Fly_Ash",Emission_Factors!$A$2:$A$13,Emission_Factors!$C$2:$C$13)+H4*_xlfn.XLOOKUP("Nano_Silica",Emission_Factors!$A$2:$A$13,Emission_Factors!$C$2:$C$13)+I4*_xlfn.XLOOKUP("Aggregate",Emission_Factors!$A$2:$A$13,Emission_Factors!$C$2:$C$13)+J4*_xlfn.XLOOKUP("Water",Emission_Factors!$A$2:$A$13,Emission_Factors!$C$2:$C$13)+K4*_xlfn.XLOOKUP("Fiber_Recycled",Emission_Factors!$A$2:$A$13,Emission_Factors!$C$2:$C$13)+L4*_xlfn.XLOOKUP("Superplasticizer",Emission_Factors!$A$2:$A$13,Emission_Factors!$C$2:$C$13) -> 471.88008
A5: 14 | B5: 550 | C5: 0 | D5: 0 | E5: 0 | F5: 0 | G5: 0 | H5: 0 | I5: 1762 | J5: 165 | K5: 0 | L5: 3.85 | M5: 21 | N5: 3 | O5: 45 | P5: 48.577988 | Q5: -3.5779877 | R5: =B5*_xlfn.XLOOKUP("Cement",Emission_Factors!$A$2:$A$13,Emission_Factors!$C$2:$C$13)+C5*_xlfn.XLOOKUP("Slag",Emission_Factors!$A$2:$A$13,Emission_Factors!$C$2:$C$13)+D5*_xlfn.XLOOKUP("Silica_Fume",Emission_Factors!$A$2:$A$13,Emission_Factors!$C$2:$C$13)+E5*_xlfn.XLOOKUP("Limestone_Powder",Emission_Factors!$A$2:$A$13,Emission_Factors!$C$2:$C$13)+F5*_xlfn.XLOOKUP("Quartz_Powder",Emission_Factors!$A$2:$A$13,Emission_Factors!$C$2:$C$13)+G5*_xlfn.XLOOKUP("Fly_Ash",Emission_Factors!$A$2:$A$13,Emission_Factors!$C$2:$C$13)+H5*_xlfn.XLOOKUP("Nano_Silica",Emission_Factors!$A$2:$A$13,Emission_Factors!$C$2:$C$13)+I5*_xlfn.XLOOKUP("Aggregate",Emission_Factors!$A$2:$A$13,Emission_Factors!$C$2:$C$13)+J5*_xlfn.XLOOKUP("Water",Emission_Factors!$A$2:$A$13,Emission_Factors!$C$2:$C$13)+K5*_xlfn.XLOOKUP("Fiber_Virgin",Emission_Factors!$A$2:$A$13,Emission_Factors!$C$2:$C$13)+L5*_xlfn.XLOOKUP("Superplasticizer",Emission_Factors!$A$2:$A$13,Emission_Factors!$C$2:$C$13) -> 468.97674 | S5: =B5*_xlfn.XLOOKUP("Cement",Emission_Factors!$A$2:$A$13,Emission_Factors!$C$2:$C$13)+C5*_xlfn.XLOOKUP("Slag",Emission_Factors!$A$2:$A$13,Emission_Factors!$C$2:$C$13)+D5*_xlfn.XLOOKUP("Silica_Fume",Emission_Factors!$A$2:$A$13,Emission_Factors!$C$2:$C$13)+E5*_xlfn.XLOOKUP("Limestone_Powder",Emission_Factors!$A$2:$A$13,Emission_Factors!$C$2:$C$13)+F5*_xlfn.XLOOKUP("Quartz_Powder",Emission_Factors!$A$2:$A$13,Emission_Factors!$C$2:$C$13)+G5*_xlfn.XLOOKUP("Fly_Ash",Emission_Factors!$A$2:$A$13,Emission_Factors!$C$2:$C$13)+H5*_xlfn.XLOOKUP("Nano_Silica",Emission_Factors!$A$2:$A$13,Emission_Factors!$C$2:$C$13)+I5*_xlfn.XLOOKUP("Aggregate",Emission_Factors!$A$2:$A$13,Emission_Factors!$C$2:$C$13)+J5*_xlfn.XLOOKUP("Water",Emission_Factors!$A$2:$A$13,Emission_Factors!$C$2:$C$13)+K5*_xlfn.XLOOKUP("Fiber_Recycled",Emission_Factors!$A$2:$A$13,Emission_Factors!$C$2:$C$13)+L5*_xlfn.XLOOKUP("Superplasticizer",Emission_Factors!$A$2:$A$13,Emission_Factors!$C$2:$C$13) -> 468.97674
A6: 20 | B6: 852 | C6: 0 | D6: 216 | E6: 0 | F6: 0 | G6: 0 | H6: 10.8 | I6: 1079 | J6: 177 | K6: 0 | L6: 21.6 | M6: 23 | N6: 1 | O6: 48.2 | P6: 48.918243 | Q6: -0.71824341 | R6: =B6*_xlfn.XLOOKUP("Cement",Emission_Factors!$A$2:$A$13,Emission_Factors!$C$2:$C$13)+C6*_xlfn.XLOOKUP("Slag",Emission_Factors!$A$2:$A$13,Emission_Factors!$C$2:$C$13)+D6*_xlfn.XLOOKUP("Silica_Fume",Emission_Factors!$A$2:$A$13,Emission_Factors!$C$2:$C$13)+E6*_xlfn.XLOOKUP("Limestone_Powder",Emission_Factors!$A$2:$A$13,Emission_Factors!$C$2:$C$13)+F6*_xlfn.XLOOKUP("Quartz_Powder",Emission_Factors!$A$2:$A$13,Emission_Factors!$C$2:$C$13)+G6*_xlfn.XLOOKUP("Fly_Ash",Emission_Factors!$A$2:$A$13,Emission_Factors!$C$2:$C$13)+H6*_xlfn.XLOOKUP("Nano_Silica",Emission_Factors!$A$2:$A$13,Emission_Factors!$C$2:$C$13)+I6*_xlfn.XLOOKUP("Aggregate",Emission_Factors!$A$2:$A$13,Emission_Factors!$C$2:$C$13)+J6*_xlfn.XLOOKUP("Water",Emission_Factors!$A$2:$A$13,Emission_Factors!$C$2:$C$13)+K6*_xlfn.XLOOKUP("Fiber_Virgin",Emission_Factors!$A$2:$A$13,Emission_Factors!$C$2:$C$13)+L6*_xlfn.XLOOKUP("Superplasticizer",Emission_Factors!$A$2:$A$13,Emission_Factors!$C$2:$C$13) -> 752.20409 | S6: =B6*_xlfn.XLOOKUP("Cement",Emission_Factors!$A$2:$A$13,Emission_Factors!$C$2:$C$13)+C6*_xlfn.XLOOKUP("Slag",Emission_Factors!$A$2:$A$13,Emission_Factors!$C$2:$C$13)+D6*_xlfn.XLOOKUP("Silica_Fume",Emission_Factors!$A$2:$A$13,Emission_Factors!$C$2:$C$13)+E6*_xlfn.XLOOKUP("Limestone_Powder",Emission_Factors!$A$2:$A$13,Emission_Factors!$C$2:$C$13)+F6*_xlfn.XLOOKUP("Quartz_Powder",Emission_Factors!$A$2:$A$13,Emission_Factors!$C$2:$C$13)+G6*_xlfn.XLOOKUP("Fly_Ash",Emission_Factors!$A$2:$A$13,Emission_Factors!$C$2:$C$13)+H6*_xlfn.XLOOKUP("Nano_Silica",Emission_Factors!$A$2:$A$13,Emission_Factors!$C$2:$C$13)+I6*_xlfn.XLOOKUP("Aggregate",Emission_Factors!$A$2:$A$13,Emission_Factors!$C$2:$C$13)+J6*_xlfn.XLOOKUP("Water",Emission_Factors!$A$2:$A$13,Emission_Factors!$C$2:$C$13)+K6*_xlfn.XLOOKUP("Fiber_Recycled",Emission_Factors!$A$2:$A$13,Emission_Factors!$C$2:$C$13)+L6*_xlfn.XLOOKUP("Superplasticizer",Emission_Factors!$A$2:$A$13,Emission_Factors!$C$2:$C$13) -> 752.20409
A7: 21 | B7: 541.75 | C7: 0 | D7: 0 | E7: 0 | F7: 0 | G7: 0 | H7: 8.25 | I7: 1678 | J7: 192.5 | K7: 0 | L7: 6.6 | M7: 21 | N7: 7 | O7: 49.3 | P7: 49.602585 | Q7: -0.30258484 | R7: =B7*_xlfn.XLOOKUP("Cement",Emission_Factors!$A$2:$A$13,Emission_Factors!$C$2:$C$13)+C7*_xlfn.XLOOKUP("Slag",Emission_Factors!$A$2:$A$13,Emission_Factors!$C$2:$C$13)+D7*_xlfn.XLOOKUP("Silica_Fume",Emission_Factors!$A$2:$A$13,Emission_Factors!$C$2:$C$13)+E7*_xlfn.XLOOKUP("Limestone_Powder",Emission_Factors!$A$2:$A$13,Emission_Factors!$C$2:$C$13)+F7*_xlfn.XLOOKUP("Quartz_Powder",Emission_Factors!$A$2:$A$13,Emission_Factors!$C$2:$C$13)+G7*_xlfn.XLOOKUP("Fly_Ash",Emission_Factors!$A$2:$A$13,Emission_Factors!$C$2:$C$13)+H7*_xlfn.XLOOKUP("Nano_Silica",Emission_Factors!$A$2:$A$13,Emission_Factors!$C$2:$C$13)+I7*_xlfn.XLOOKUP("Aggregate",Emission_Factors!$A$2:$A$13,Emission_Factors!$C$2:$C$13)+J7*_xlfn.XLOOKUP("Water",Emission_Factors!$A$2:$A$13,Emission_Factors!$C$2:$C$13)+K7*_xlfn.XLOOKUP("Fiber_Virgin",Emission_Factors!$A$2:$A$13,Emission_Factors!$C$2:$C$13)+L7*_xlfn.XLOOKUP("Superplasticizer",Emission_Factors!$A$2:$A$13,Emission_Factors!$C$2:$C$13) -> 476.68563 | S7: =B7*_xlfn.XLOOKUP("Cement",Emission_Factors!$A$2:$A$13,Emission_Factors!$C$2:$C$13)+C7*_xlfn.XLOOKUP("Slag",Emission_Factors!$A$2:$A$13,Emission_Factors!$C$2:$C$13)+D7*_xlfn.XLOOKUP("Silica_Fume",Emission_Factors!$A$2:$A$13,Emission_Factors!$C$2:$C$13)+E7*_xlfn.XLOOKUP("Limestone_Powder",Emission_Factors!$A$2:$A$13,Emission_Factors!$C$2:$C$13)+F7*_xlfn.XLOOKUP("Quartz_Powder",Emission_Factors!$A$2:$A$13,Emission_Factors!$C$2:$C$13)+G7*_xlfn.XLOOKUP("Fly_Ash",Emission_Factors!$A$2:$A$13,Emission_Factors!$C$2:$C$13)+H7*_xlfn.XLOOKUP("Nano_Silica",Emission_Factors!$A$2:$A$13,Emission_Factors!$C$2:$C$13)+I7*_xlfn.XLOOKUP("Aggregate",Emission_Factors!$A$2:$A$13,Emission_Factors!$C$2:$C$13)+J7*_xlfn.XLOOKUP("Water",Emission_Factors!$A$2:$A$13,Emission_Factors!$C$2:$C$13)+K7*_xlfn.XLOOKUP("Fiber_Recycled",Emission_Factors!$A$2:$A$13,Emission_Factors!$C$2:$C$13)+L7*_xlfn.XLOOKUP("Superplasticizer",Emission_Factors!$A$2:$A$13,Emission_Factors!$C$2:$C$13) -> 476.68563
A8: 27 | B8: 545.875 | C8: 0 | D8: 0 | E8: 0 | F8: 0 | G8: 0 | H8: 4.125 | I8: 1754 | J8: 165 | K8: 0 | L8: 6.6 | M8: 21 | N8: 7 | O8: 52.5 | P8: 58.14747 | Q8: -5.6474686 | R8: =B8*_xlfn.XLOOKUP("Cement",Emission_Factors!$A$2:$A$13,Emission_Factors!$C$2:$C$13)+C8*_xlfn.XLOOKUP("Slag",Emission_Factors!$A$2:$A$13,Emission_Factors!$C$2:$C$13)+D8*_xlfn.XLOOKUP("Silica_Fume",Emission_Factors!$A$2:$A$13,Emission_Factors!$C$2:$C$13)+E8*_xlfn.XLOOKUP("Limestone_Powder",Emission_Factors!$A$2:$A$13,Emission_Factors!$C$2:$C$13)+F8*_xlfn.XLOOKUP("Quartz_Powder",Emission_Factors!$A$2:$A$13,Emission_Factors!$C$2:$C$13)+G8*_xlfn.XLOOKUP("Fly_Ash",Emission_Factors!$A$2:$A$13,Emission_Factors!$C$2:$C$13)+H8*_xlfn.XLOOKUP("Nano_Silica",Emission_Factors!$A$2:$A$13,Emission_Factors!$C$2:$C$13)+I8*_xlfn.XLOOKUP("Aggregate",Emission_Factors!$A$2:$A$13,Emission_Factors!$C$2:$C$13)+J8*_xlfn.XLOOKUP("Water",Emission_Factors!$A$2:$A$13,Emission_Factors!$C$2:$C$13)+K8*_xlfn.XLOOKUP("Fiber_Virgin",Emission_Factors!$A$2:$A$13,Emission_Factors!$C$2:$C$13)+L8*_xlfn.XLOOKUP("Superplasticizer",Emission_Factors!$A$2:$A$13,Emission_Factors!$C$2:$C$13) -> 474.29649 | S8: =B8*_xlfn.XLOOKUP("Cement",Emission_Factors!$A$2:$A$13,Emission_Factors!$C$2:$C$13)+C8*_xlfn.XLOOKUP("Slag",Emission_Factors!$A$2:$A$13,Emission_Factors!$C$2:$C$13)+D8*_xlfn.XLOOKUP("Silica_Fume",Emission_Factors!$A$2:$A$13,Emission_Factors!$C$2:$C$13)+E8*_xlfn.XLOOKUP("Limestone_Powder",Emission_Factors!$A$2:$A$13,Emission_Factors!$C$2:$C$13)+F8*_xlfn.XLOOKUP("Quartz_Powder",Emission_Factors!$A$2:$A$13,Emission_Factors!$C$2:$C$13)+G8*_xlfn.XLOOKUP("Fly_Ash",Emission_Factors!$A$2:$A$13,Emission_Factors!$C$2:$C$13)+H8*_xlfn.XLOOKUP("Nano_Silica",Emission_Factors!$A$2:$A$13,Emission_Factors!$C$2:$C$13)+I8*_xlfn.XLOOKUP("Aggregate",Emission_Factors!$A$2:$A$13,Emission_Factors!$C$2:$C$13)+J8*_xlfn.XLOOKUP("Water",Emission_Factors!$A$2:$A$13,Emission_Factors!$C$2:$C$13)+K8*_xlfn.XLOOKUP("Fiber_Recycled",Emission_Factors!$A$2:$A$13,Emission_Factors!$C$2:$C$13)+L8*_xlfn.XLOOKUP("Superplasticizer",Emission_Factors!$A$2:$A$13,Emission_Factors!$C$2:$C$13) -> 474.29649
A9: 34 | B9: 841.6 | C9: 0 | D9: 215.8 | E9: 0 | F9: 0 | G9: 0 | H9: 21.6 | I9: 1079 | J9: 177 | K9: 0 | L9: 21.6 | M9: 20 | N9: 1 | O9: 53.1 | P9: 52.192078 | Q9: 0.90792236 | R9: =B9*_xlfn.XLOOKUP("Cement",Emission_Factors!$A$2:$A$13,Emission_Factors!$C$2:$C$13)+C9*_xlfn.XLOOKUP("Slag",Emission_Factors!$A$2:$A$13,Emission_Factors!$C$2:$C$13)+D9*_xlfn.XLOOKUP("Silica_Fume",Emission_Factors!$A$2:$A$13,Emission_Factors!$C$2:$C$13)+E9*_xlfn.XLOOKUP("Limestone_Powder",Emission_Factors!$A$2:$A$13,Emission_Factors!$C$2:$C$13)+F9*_xlfn.XLOOKUP("Quartz_Powder",Emission_Factors!$A$2:$A$13,Emission_Factors!$C$2:$C$13)+G9*_xlfn.XLOOKUP("Fly_Ash",Emission_Factors!$A$2:$A$13,Emission_Factors!$C$2:$C$13)+H9*_xlfn.XLOOKUP("Nano_Silica",Emission_Factors!$A$2:$A$13,Emission_Factors!$C$2:$C$13)+I9*_xlfn.XLOOKUP("Aggregate",Emission_Factors!$A$2:$A$13,Emission_Factors!$C$2:$C$13)+J9*_xlfn.XLOOKUP("Water",Emission_Factors!$A$2:$A$13,Emission_Factors!$C$2:$C$13)+K9*_xlfn.XLOOKUP("Fiber_Virgin",Emission_Factors!$A$2:$A$13,Emission_Factors!$C$2:$C$13)+L9*_xlfn.XLOOKUP("Superplasticizer",Emission_Factors!$A$2:$A$13,Emission_Factors!$C$2:$C$13) -> 759.76929 | S9: =B9*_xlfn.XLOOKUP("Cement",Emission_Factors!$A$2:$A$13,Emission_Factors!$C$2:$C$13)+C9*_xlfn.XLOOKUP("Slag",Emission_Factors!$A$2:$A$13,Emission_Factors!$C$2:$C$13)+D9*_xlfn.XLOOKUP("Silica_Fume",Emission_Factors!$A$2:$A$13,Emission_Factors!$C$2:$C$13)+E9*_xlfn.XLOOKUP("Limestone_Powder",Emission_Factors!$A$2:$A$13,Emission_Factors!$C$2:$C$13)+F9*_xlfn.XLOOKUP("Quartz_Powder",Emission_Factors!$A$2:$A$13,Emission_Factors!$C$2:$C$13)+G9*_xlfn.XLOOKUP("Fly_Ash",Emission_Factors!$A$2:$A$13,Emission_Factors!$C$2:$C$13)+H9*_xlfn.XLOOKUP("Nano_Silica",Emission_Factors!$A$2:$A$13,Emission_Factors!$C$2:$C$13)+I9*_xlfn.XLOOKUP("Aggregate",Emission_Factors!$A$2:$A$13,Emission_Factors!$C$2:$C$13)+J9*_xlfn.XLOOKUP("Water",Emission_Factors!$A$2:$A$13,Emission_Factors!$C$2:$C$13)+K9*_xlfn.XLOOKUP("Fiber_Recycled",Emission_Factors!$A$2:$A$13,Emission_Factors!$C$2:$C$13)+L9*_xlfn.XLOOKUP("Superplasticizer",Emission_Factors!$A$2:$A$13,Emission_Factors!$C$2:$C$13) -> 759.76929
A10: 32 | B10: 541.75 | C10: 0 | D10: 0 | E10: 0 | F10: 0 | G10: 0 | H10: 8.25 | I10: 1812 | J10: 137.5 | K10: 0 | L10: 12.65 | M10: 21 | N10: 3 | O10: 53.1 | P10: 62.069473 | Q10: -8.9694733 | R10: =B10*_xlfn.XLOOKUP("Cement",Emission_Factors!$A$2:$A$13,Emission_Factors!$C$2:$C$13)+C10*_xlfn.XLOOKUP("Slag",Emission_Factors!$A$2:$A$13,Emission_Factors!$C$2:$C$13)+D10*_xlfn.XLOOKUP("Silica_Fume",Emission_Factors!$A$2:$A$13,Emission_Factors!$C$2:$C$13)+E10*_xlfn.XLOOKUP("Limestone_Powder",Emission_Factors!$A$2:$A$13,Emission_Factors!$C$2:$C$13)+F10*_xlfn.XLOOKUP("Quartz_Powder",Emission_Factors!$A$2:$A$13,Emission_Factors!$C$2:$C$13)+G10*_xlfn.XLOOKUP("Fly_Ash",Emission_Factors!$A$2:$A$13,Emission_Factors!$C$2:$C$13)+H10*_xlfn.XLOOKUP("Nano_Silica",Emission_Factors!$A$2:$A$13,Emission_Factors!$C$2:$C$13)+I10*_xlfn.XLOOKUP("Aggregate",Emission_Factors!$A$2:$A$13,Emission_Factors!$C$2:$C$13)+J10*_xlfn.XLOOKUP("Water",Emission_Factors!$A$2:$A$13,Emission_Factors!$C$2:$C$13)+K10*_xlfn.XLOOKUP("Fiber_Virgin",Emission_Factors!$A$2:$A$13,Emission_Factors!$C$2:$C$13)+L10*_xlfn.XLOOKUP("Superplasticizer",Emission_Factors!$A$2:$A$13,Emission_Factors!$C$2:$C$13) -> 483.05605 | S10: =B10*_xlfn.XLOOKUP("Cement",Emission_Factors!$A$2:$A$13,Emission_Factors!$C$2:$C$13)+C10*_xlfn.XLOOKUP("Slag",Emission_Factors!$A$2:$A$13,Emission_Factors!$C$2:$C$13)+D10*_xlfn.XLOOKUP("Silica_Fume",Emission_Factors!$A$2:$A$13,Emission_Factors!$C$2:$C$13)+E10*_xlfn.XLOOKUP("Limestone_Powder",Emission_Factors!$A$2:$A$13,Emission_Factors!$C$2:$C$13)+F10*_xlfn.XLOOKUP("Quartz_Powder",Emission_Factors!$A$2:$A$13,Emission_Factors!$C$2:$C$13)+G10*_xlfn.XLOOKUP("Fly_Ash",Emission_Factors!$A$2:$A$13,Emission_Factors!$C$2:$C$13)+H10*_xlfn.XLOOKUP("Nano_Silica",Emission_Factors!$A$2:$A$13,Emission_Factors!$C$2:$C$13)+I10*_xlfn.XLOOKUP("Aggregate",Emission_Factors!$A$2:$A$13,Emission_Factors!$C$2:$C$13)+J10*_xlfn.XLOOKUP("Water",Emission_Factors!$A$2:$A$13,Emission_Factors!$C$2:$C$13)+K10*_xlfn.XLOOKUP("Fiber_Recycled",Emission_Factors!$A$2:$A$13,Emission_Factors!$C$2:$C$13)+L10*_xlfn.XLOOKUP("Superplasticizer",Emission_Factors!$A$2:$A$13,Emission_Factors!$C$2:$C$13) -> 483.05605
A11: 40 | B11: 430.7 | C11: 0 | D11: 0 | E11: 263.7 | F11: 175.9 | G11: 0 | H11: 8.8 | I11: 1273.4 | J11: 175.8 | K11: 0 | L11: 43.9 | M11: 21 | N11: 3 | O11: 54.96 | P11: 54.860085 | Q11: 0.099915466 | R11: =B11*_xlfn.XLOOKUP("Cement",Emission_Factors!$A$2:$A$13,Emission_Factors!$C$2:$C$13)+C11*_xlfn.XLOOKUP("Slag",Emission_Factors!$A$2:$A$13,Emission_Factors!$C$2:$C$13)+D11*_xlfn.XLOOKUP("Silica_Fume",Emission_Factors!$A$2:$A$13,Emission_Factors!$C$2:$C$13)+E11*_xlfn.XLOOKUP("Limestone_Powder",Emission_Factors!$A$2:$A$13,Emission_Factors!$C$2:$C$13)+F11*_xlfn.XLOOKUP("Quartz_Powder",Emission_Factors!$A$2:$A$13,Emission_Factors!$C$2:$C$13)+G11*_xlfn.XLOOKUP("Fly_Ash",Emission_Factors!$A$2:$A$13,Emission_Factors!$C$2:$C$13)+H11*_xlfn.XLOOKUP("Nano_Silica",Emission_Factors!$A$2:$A$13,Emission_Factors!$C$2:$C$13)+I11*_xlfn.XLOOKUP("Aggregate",Emission_Factors!$A$2:$A$13,Emission_Factors!$C$2:$C$13)+J11*_xlfn.XLOOKUP("Water",Emission_Factors!$A$2:$A$13,Emission_Factors!$C$2:$C$13)+K11*_xlfn.XLOOKUP("Fiber_Virgin",Emission_Factors!$A$2:$A$13,Emission_Factors!$C$2:$C$13)+L11*_xlfn.XLOOKUP("Superplasticizer",Emission_Factors!$A$2:$A$13,Emission_Factors!$C$2:$C$13) -> 427.17579 | S11: =B11*_xlfn.XLOOKUP("Cement",Emission_Factors!$A$2:$A$13,Emission_Factors!$C$2:$C$13)+C11*_xlfn.XLOOKUP("Slag",Emission_Factors!$A$2:$A$13,Emission_Factors!$C$2:$C$13)+D11*_xlfn.XLOOKUP("Silica_Fume",Emission_Factors!$A$2:$A$13,Emission_Factors!$C$2:$C$13)+E11*_xlfn.XLOOKUP("Limestone_Powder",Emission_Factors!$A$2:$A$13,Emission_Factors!$C$2:$C$13)+F11*_xlfn.XLOOKUP("Quartz_Powder",Emission_Factors!$A$2:$A$13,Emission_Factors!$C$2:$C$13)+G11*_xlfn.XLOOKUP("Fly_Ash",Emission_Factors!$A$2:$A$13,Emission_Factors!$C$2:$C$13)+H11*_xlfn.XLOOKUP("Nano_Silica",Emission_Factors!$A$2:$A$13,Emission_Factors!$C$2:$C$13)+I11*_xlfn.XLOOKUP("Aggregate",Emission_Factors!$A$2:$A$13,Emission_Factors!$C$2:$C$13)+J11*_xlfn.XLOOKUP("Water",Emission_Factors!$A$2:$A$13,Emission_Factors!$C$2:$C$13)+K11*_xlfn.XLOOKUP("Fiber_Recycled",Emission_Factors!$A$2:$A$13,Emission_Factors!$C$2:$C$13)+L11*_xlfn.XLOOKUP("Superplasticizer",Emission_Factors!$A$2:$A$13,Emission_Factors!$C$2:$C$13) -> 427.17579
A12: 47 | B12: 550 | C12: 0 | D12: 0 | E12: 0 | F12: 0 | G12: 0 | H12: 0 | I12: 1762 | J12: 165 | K12: 0 | L12: 3.85 | M12: 21 | N12: 7 | O12: 57.2 | P12: 56.92998 | Q12: 0.27001877 | R12: =B12*_xlfn.XLOOKUP("Cement",Emission_Factors!$A$2:$A$13,Emission_Factors!$C$2:$C$13)+C12*_xlfn.XLOOKUP("Slag",Emission_Factors!$A$2:$A$13,Emission_Factors!$C$2:$C$13)+D12*_xlfn.XLOOKUP("Silica_Fume",Emission_Factors!$A$2:$A$13,Emission_Factors!$C$2:$C$13)+E12*_xlfn.XLOOKUP("Limestone_Powder",Emission_Factors!$A$2:$A$13,Emission_Factors!$C$2:$C$13)+F12*_xlfn.XLOOKUP("Quartz_Powder",Emission_Factors!$A$2:$A$13,Emission_Factors!$C$2:$C$13)+G12*_xlfn.XLOOKUP("Fly_Ash",Emission_Factors!$A$2:$A$13,Emission_Factors!$C$2:$C$13)+H12*_xlfn.XLOOKUP("Nano_Silica",Emission_Factors!$A$2:$A$13,Emission_Factors!$C$2:$C$13)+I12*_xlfn.XLOOKUP("Aggregate",Emission_Factors!$A$2:$A$13,Emission_Factors!$C$2:$C$13)+J12*_xlfn.XLOOKUP("Water",Emission_Factors!$A$2:$A$13,Emission_Factors!$C$2:$C$13)+K12*_xlfn.XLOOKUP("Fiber_Virgin",Emission_Factors!$A$2:$A$13,Emission_Factors!$C$2:$C$13)+L12*_xlfn.XLOOKUP("Superplasticizer",Emission_Factors!$A$2:$A$13,Emission_Factors!$C$2:$C$13) -> 468.97674 | S12: =B12*_xlfn.XLOOKUP("Cement",Emission_Factors!$A$2:$A$13,Emission_Factors!$C$2:$C$13)+C12*_xlfn.XLOOKUP("Slag",Emission_Factors!$A$2:$A$13,Emission_Factors!$C$2:$C$13)+D12*_xlfn.XLOOKUP("Silica_Fume",Emission_Factors!$A$2:$A$13,Emission_Factors!$C$2:$C$13)+E12*_xlfn.XLOOKUP("Limestone_Powder",Emission_Factors!$A$2:$A$13,Emission_Factors!$C$2:$C$13)+F12*_xlfn.XLOOKUP("Quartz_Powder",Emission_Factors!$A$2:$A$13,Emission_Factors!$C$2:$C$13)+G12*_xlfn.XLOOKUP("Fly_Ash",Emission_Factors!$A$2:$A$13,Emission_Factors!$C$2:$C$13)+H12*_xlfn.XLOOKUP("Nano_Silica",Emission_Factors!$A$2:$A$13,Emission_Factors!$C$2:$C$13)+I12*_xlfn.XLOOKUP("Aggregate",Emission_Factors!$A$2:$A$13,Emission_Factors!$C$2:$C$13)+J12*_xlfn.XLOOKUP("Water",Emission_Factors!$A$2:$A$13,Emission_Factors!$C$2:$C$13)+K12*_xlfn.XLOOKUP("Fiber_Recycled",Emission_Factors!$A$2:$A$13,Emission_Factors!$C$2:$C$13)+L12*_xlfn.XLOOKUP("Superplasticizer",Emission_Factors!$A$2:$A$13,Emission_Factors!$C$2:$C$13) -> 468.97674
A13: 52 | B13: 550 | C13: 0 | D13: 0 | E13: 0 | F13: 0 | G13: 0 | H13: 0 | I13: 1830 | J13: 137.5 | K13: 0 | L13: 6.6 | M13: 21 | N13: 3 | O13: 58.9 | P13: 56.198547 | Q13: 2.7014526 | R13: =B13*_xlfn.XLOOKUP("Cement",Emission_Factors!$A$2:$A$13,Emission_Factors!$C$2:$C$13)+C13*_xlfn.XLOOKUP("Slag",Emission_Factors!$A$2:$A$13,Emission_Factors!$C$2:$C$13)+D13*_xlfn.XLOOKUP("Silica_Fume",Emission_Factors!$A$2:$A$13,Emission_Factors!$C$2:$C$13)+E13*_xlfn.XLOOKUP("Limestone_Powder",Emission_Factors!$A$2:$A$13,Emission_Factors!$C$2:$C$13)+F13*_xlfn.XLOOKUP("Quartz_Powder",Emission_Factors!$A$2:$A$13,Emission_Factors!$C$2:$C$13)+G13*_xlfn.XLOOKUP("Fly_Ash",Emission_Factors!$A$2:$A$13,Emission_Factors!$C$2:$C$13)+H13*_xlfn.XLOOKUP("Nano_Silica",Emission_Factors!$A$2:$A$13,Emission_Factors!$C$2:$C$13)+I13*_xlfn.XLOOKUP("Aggregate",Emission_Factors!$A$2:$A$13,Emission_Factors!$C$2:$C$13)+J13*_xlfn.XLOOKUP("Water",Emission_Factors!$A$2:$A$13,Emission_Factors!$C$2:$C$13)+K13*_xlfn.XLOOKUP("Fiber_Virgin",Emission_Factors!$A$2:$A$13,Emission_Factors!$C$2:$C$13)+L13*_xlfn.XLOOKUP("Superplasticizer",Emission_Factors!$A$2:$A$13,Emission_Factors!$C$2:$C$13) -> 471.90735 | S13: =B13*_xlfn.XLOOKUP("Cement",Emission_Factors!$A$2:$A$13,Emission_Factors!$C$2:$C$13)+C13*_xlfn.XLOOKUP("Slag",Emission_Factors!$A$2:$A$13,Emission_Factors!$C$2:$C$13)+D13*_xlfn.XLOOKUP("Silica_Fume",Emission_Factors!$A$2:$A$13,Emission_Factors!$C$2:$C$13)+E13*_xlfn.XLOOKUP("Limestone_Powder",Emission_Factors!$A$2:$A$13,Emission_Factors!$C$2:$C$13)+F13*_xlfn.XLOOKUP("Quartz_Powder",Emission_Factors!$A$2:$A$13,Emission_Factors!$C$2:$C$13)+G13*_xlfn.XLOOKUP("Fly_Ash",Emission_Factors!$A$2:$A$13,Emission_Factors!$C$2:$C$13)+H13*_xlfn.XLOOKUP("Nano_Silica",Emission_Factors!$A$2:$A$13,Emission_Factors!$C$2:$C$13)+I13*_xlfn.XLOOKUP("Aggregate",Emission_Factors!$A$2:$A$13,Emission_Factors!$C$2:$C$13)+J13*_xlfn.XLOOKUP("Water",Emission_Factors!$A$2:$A$13,Emission_Factors!$C$2:$C$13)+K13*_xlfn.XLOOKUP("Fiber_Recycled",Emission_Factors!$A$2:$A$13,Emission_Factors!$C$2:$C$13)+L13*_xlfn.XLOOKUP("Superplasticizer",Emission_Factors!$A$2:$A$13,Emission_Factors!$C$2:$C$13) -> 471.90735
... A160: 785 | B160: 788.5 | C160: 0 | D160: 433.7 | E160: 0 | F160: 0 | G160: 0 | H160: 0 | I160: 867.4 | J160: 160.3 | K160: 117 | L160: 52.6 | M160: 23 | N160: 28 | O160: 209.7 | P160: 218.0566 | Q160: -8.3565948 | R160: =B160*_xlfn.XLOOKUP("Cement",Emission_Factors!$A$2:$A$13,Emission_Factors!$C$2:$C$13)+C160*_xlfn.XLOOKUP("Slag",Emission_Factors!$A$2:$A$13,Emission_Factors!$C$2:$C$13)+D160*_xlfn.XLOOKUP("Silica_Fume",Emission_Factors!$A$2:$A$13,Emission_Factors!$C$2:$C$13)+E160*_xlfn.XLOOKUP("Limestone_Powder",Emission_Factors!$A$2:$A$13,Emission_Factors!$C$2:$C$13)+F160*_xlfn.XLOOKUP("Quartz_Powder",Emission_Factors!$A$2:$A$13,Emission_Factors!$C$2:$C$13)+G160*_xlfn.XLOOKUP("Fly_Ash",Emission_Factors!$A$2:$A$13,Emission_Factors!$C$2:$C$13)+H160*_xlfn.XLOOKUP("Nano_Silica",Emission_Factors!$A$2:$A$13,Emission_Factors!$C$2:$C$13)+I160*_xlfn.XLOOKUP("Aggregate",Emission_Factors!$A$2:$A$13,Emission_Factors!$C$2:$C$13)+J160*_xlfn.XLOOKUP("Water",Emission_Factors!$A$2:$A$13,Emission_Factors!$C$2:$C$13)+K160*_xlfn.XLOOKUP("Fiber_Virgin",Emission_Factors!$A$2:$A$13,Emission_Factors!$C$2:$C$13)+L160*_xlfn.XLOOKUP("Superplasticizer",Emission_Factors!$A$2:$A$13,Emission_Factors!$C$2:$C$13) -> 1007.0496 | S160: =B160*_xlfn.XLOOKUP("Cement",Emission_Factors!$A$2:$A$13,Emission_Factors!$C$2:$C$13)+C160*_xlfn.XLOOKUP("Slag",Emission_Factors!$A$2:$A$13,Emission_Factors!$C$2:$C$13)+D160*_xlfn.XLOOKUP("Silica_Fume",Emission_Factors!$A$2:$A$13,Emission_Factors!$C$2:$C$13)+E160*_xlfn.XLOOKUP("Limestone_Powder",Emission_Factors!$A$2:$A$13,Emission_Factors!$C$2:$C$13)+F160*_xlfn.XLOOKUP("Quartz_Powder",Emission_Factors!$A$2:$A$13,Emission_Factors!$C$2:$C$13)+G160*_xlfn.XLOOKUP("Fly_Ash",Emission_Factors!$A$2:$A$13,Emission_Factors!$C$2:$C$13)+H160*_xlfn.XLOOKUP("Nano_Silica",Emission_Factors!$A$2:$A$13,Emission_Factors!$C$2:$C$13)+I160*_xlfn.XLOOKUP("Aggregate",Emission_Factors!$A$2:$A$13,Emission_Factors!$C$2:$C$13)+J160*_xlfn.XLOOKUP("Water",Emission_Factors!$A$2:$A$13,Emission_Factors!$C$2:$C$13)+K160*_xlfn.XLOOKUP("Fiber_Recycled",Emission_Factors!$A$2:$A$13,Emission_Factors!$C$2:$C$13)+L160*_xlfn.XLOOKUP("Superplasticizer",Emission_Factors!$A$2:$A$13,Emission_Factors!$C$2:$C$13) -> 819.84962

Sheet Emission_Factors
A1: Material | B1: Column | C1: Mean_Factor | D1: Unit
A2: Cement | B2: B | C2: 0.83 | D2: kg CO2/kg
A3: Slag | B3: C | C3: 0.052 | D3: kg CO2/kg
A4: Silica_Fume | B4: D | C4: 0.014 | D4: kg CO2/kg
A5: Limestone_Powder | B5: E | C5: 0.017 | D5: kg CO2/kg
A6: Quartz_Powder | B6: F | C6: 0.0237 | D6: kg CO2/kg
A7: Fly_Ash | B7: G | C7: 0.009 | D7: kg CO2/kg
A8: Nano_Silica | B8: H | C8: 1.5 | D8: kg CO2/kg
A9: Aggregate | B9: I | C9: 0.005 | D9: kg CO2/kg
A10: Water | B10: J | C10: 0.000196 | D10: kg CO2/kg
A11: Fiber_Virgin | B11: K | C11: 2.5 | D11: kg CO2/kg
A12: Fiber_Recycled | B12: K | C12: 0.9 | D12: kg CO2/kg
A13: Superplasticizer | B13: L | C13: 0.944 | D13: kg CO2/kg
